{"cameraMode":{"drawMode":0,"name":"Shaded","section":"Shading Mode"},"sceneLighting":true,"audioPlay":false,"sceneViewState":{"m_AlwaysRefresh":false,"showFog":true,"showSkybox":true,"showFlares":true,"showImageEffects":true,"showParticleSystems":true,"showVisualEffectGraphs":true,"m_FxEnabled":true},"in2DMode":false,"pivot":{"x":1160.765869140625,"y":289.4674377441406,"z":104.62970733642578},"rotation":{"x":-0.07373660057783127,"y":-0.012867423705756665,"z":0.000951506313867867,"w":-0.9971944093704224},"size":786.6174926757813,"orthographic":false}